article_number,article_title,article_image_src,article_post_date,article_category_1,article_category_2,tag1,tag2
1,Understanding Business: A Beginner's Guide,img/1.png,03-10-2024,Business,Entrepreneurship,business,economics,entrepreneurship,money,bba,mba,iim
2,Understanding Corporation: A Simple Guide,img/2.png,04-10-2024,Business,Entrepreneurship,business,economics,entrepreneurship,money,bba,mba,iim,company,corporation,big business
3,The Basics of Physics: Understanding Energy,img/3.png,05-10-2024,Science,Physics,physics,energy,science,force,gravity,quantum
5,Chemical Reactions: The Foundation of Chemistry,img/4.png,06-10-2024,Science,Chemistry,chemistry,chemical reactions,science,atoms,molecules,experiments,organic,inorganic
5,Starting Your Own Startup: From Idea to Reality,img/5.png,07-10-2024,Business,Startups,business,startups,entrepreneurship,innovation,money,startup ideas
6,The Evolution of Biology: From Celrs to Ecosystems,img/6.png,08-10-2024,Science,Biology,biology,evolution,ecosystems,life,organisms,genetics,science,research
7,Market Research for Entrepreneurs: A Step-by-Step Guide,img/7.png,09-10-2024,Business,Entrepreneurship,business,market research,entrepreneurship,startups,economics,data
8,The Universe and Beyond: Exploring Astronomy,img/8.png,10-10-2024,Science,Astronomy,astronomy,universe,space,planets,stars,cosmos,science
9,Financial Planning for Small Businesses: Key Strategies,img/9.png,11-10-2024,Business,Finance,business,finance,small business,financial planning,budgeting,money,investment
10,Exploring Genetics: DNA and the Blueprint of Life,img/10.png,12-10-2024,Science,Biology,genetics,DNA,biology,life,genomics,science,organisms,research
13,Artificial Intelligence: The Future of Business,img/11.png,13-10-2024,Business,Technology,artificial intelligence,AI,business,technology,innovation,automation,startups,machine learnihj